ticker,entry_date,entry_price,shares,invested,signal_date,exit_date,exit_price,reason,pnl_pct,pnl_eur,entry_year,pnl_bin
EXEL,2015-07-21,6.050000190734863,1644.628047324313,10000.0,2015-07-20,2018-04-03,21.280000686645508,HOLD,248.2269754645615,24822.697546456147,2015,100..250
CRUS,2015-08-05,29.979999542236328,331.88793035110865,10000.0,2015-08-04,2018-04-18,38.97999954223633,HOLD,28.723064162941768,2872.3064162941773,2015,25..50
FSLR,2015-08-06,51.20000076293945,194.33593460416893,10000.0,2015-08-05,2018-04-19,76.95999908447266,HOLD,48.81312882470894,4881.312882470895,2015,25..50
TEX,2015-08-12,23.38494110107422,425.48749458013106,10000.0,2015-08-11,2018-04-25,33.68128204345703,HOLD,42.59309489362701,4259.309489362702,2015,25..50
FCX,2015-08-28,9.44299602508545,1053.6910079775198,10000.0,2015-08-27,2018-05-11,14.729870796203613,HOLD,54.43128744597266,5443.128744597265,2015,50..100
SYNA,2015-10-02,79.70999908447266,124.82750112009774,10000.0,2015-10-01,2018-06-15,48.47999954223633,HOLD,-39.786209888249616,-3978.6209888249614,2015,-50..-25
WYNN,2015-10-05,56.61588668823242,175.74572407196973,10000.0,2015-10-02,2018-06-18,161.04824829101562,HOLD,181.62023301394768,18162.023301394765,2015,100..250
DXCM,2015-10-21,19.90250015258789,499.9371899869684,10000.0,2015-10-20,2018-07-05,24.3799991607666,HOLD,21.275259309567108,2127.525930956712,2015,0..25
TRMB,2015-11-02,23.399999618530273,425.21368214556185,10000.0,2015-10-30,2018-07-17,34.43000030517578,HOLD,45.66906670006428,4566.906670006429,2015,25..50
ANF,2015-11-23,20.46116065979004,486.28717429278527,10000.0,2015-11-20,2018-08-07,24.29330062866211,HOLD,17.544529143724553,1754.4529143724558,2015,0..25
BLDR,2015-12-04,13.369999885559082,744.2034469085509,10000.0,2015-12-03,2018-08-17,17.09000015258789,HOLD,26.548448361174515,2654.8448361174505,2015,25..50
WMB,2016-01-15,9.128522872924805,1089.9901482978912,10000.0,2016-01-14,2018-09-27,18.094675064086914,HOLD,96.24402468723719,9624.402468723718,2016,50..100
AMD,2016-01-22,2.0199999809265137,4925.742620767864,10000.0,2016-01-21,2018-10-03,28.43000030517578,HOLD,1293.386698905895,129338.66989058949,2016,1k..5k
KMI,2016-01-22,9.17667007446289,1084.2713009470783,10000.0,2016-01-21,2018-10-03,11.854853630065918,HOLD,27.896081801687235,2789.6081801687233,2016,25..50
CVLT,2016-01-28,35.91999816894531,277.00446846353924,10000.0,2016-01-27,2018-10-09,62.86000061035156,HOLD,73.25438551404746,7325.438551404746,2016,50..100
SMCI,2016-01-29,2.9779999256134033,3341.168652967819,10000.0,2016-01-28,2018-10-10,1.2799999713897705,HOLD,-57.44687698693829,-5744.68769869383,2016,<-50%
CPRI,2016-02-03,51.720001220703125,192.38205269061538,10000.0,2016-02-02,2018-10-15,62.459999084472656,HOLD,19.56101920750182,1956.1019207501813,2016,0..25
AKAM,2016-02-11,49.13999938964844,202.48270499767267,10000.0,2016-02-10,2018-10-23,64.22000122070312,HOLD,29.384223643112016,2938.422364311202,2016,25..50
GRMN,2016-02-18,30.791812896728516,323.13784295101186,10000.0,2016-02-17,2018-10-29,52.010345458984375,HOLD,67.22478288539402,6722.478288539402,2016,50..100
TRGP,2016-02-18,14.62153434753418,680.5031375984148,10000.0,2016-02-17,2018-10-29,39.48640823364258,HOLD,167.3627157200823,16736.271572008227,2016,100..250
BDC,2016-02-29,53.0711555480957,187.48414081511413,10000.0,2016-02-26,2018-11-07,55.207977294921875,HOLD,2.9886708833236186,298.86708833236116,2016,0..25
WDAY,2016-03-02,71.91000366210938,138.36739665253037,10000.0,2016-03-01,2018-11-09,139.92999267578125,HOLD,92.6494005615472,9264.940056154719,2016,50..100
QLYS,2016-03-04,26.350000381469727,377.60910269273467,10000.0,2016-03-03,2018-11-13,72.0999984741211,HOLD,170.89487649320603,17089.487649320603,2016,100..250
CGNX,2016-05-11,18.668031692504883,532.9967381614674,10000.0,2016-05-10,2019-01-24,39.48676681518555,HOLD,109.4108632347119,10941.08632347119,2016,100..250
HOG,2016-07-06,37.33198928833008,266.52745245242943,10000.0,2016-07-05,2019-03-20,29.969831466674805,HOLD,-20.521560829147155,-2052.1560829147156,2016,-25..-10
STX,2016-07-13,19.69029426574707,505.3251041204024,10000.0,2016-07-12,2019-03-27,35.51668167114258,HOLD,78.57733509163904,7857.733509163903,2016,50..100
ATI,2016-07-27,17.8801326751709,556.4835664679931,10000.0,2016-07-26,2019-04-10,27.010000228881836,HOLD,49.55468151381126,4955.4681513811265,2016,25..50
GAP,2016-10-10,19.010629653930664,523.3913963466604,10000.0,2016-10-07,2019-06-25,13.741028785705566,HOLD,-28.440234378268592,-2844.0234378268588,2016,-50..-25
LULU,2016-12-27,64.44000244140625,154.40719464663735,10000.0,2016-12-23,2019-09-11,196.41000366210938,HOLD,201.75482077672066,20175.482077672066,2016,100..250
HALO,2017-01-06,13.380000114440918,743.6472283181113,10000.0,2017-01-05,2019-09-20,16.3700008392334,HOLD,21.126382229027673,2112.6382229027677,2017,0..25
ILMN,2017-01-11,157.92800903320312,63.00339034799135,10000.0,2017-01-10,2019-09-25,291.9747009277344,HOLD,83.03419074016642,8303.419074016641,2017,50..100
RH,2017-02-27,32.66999816894531,304.560776175924,10000.0,2017-02-24,2019-11-07,175.25999450683594,HOLD,431.10433359792177,43110.43335979218,2017,250..500
HRB,2017-03-09,16.310657501220703,610.0305888499795,10000.0,2017-03-08,2019-11-19,19.102325439453125,HOLD,15.947378220523634,1594.7378220523642,2017,0..25
THC,2017-05-03,17.34000015258789,573.817757349617,10000.0,2017-05-02,2020-01-15,36.84000015258789,HOLD,110.33749036975942,11033.749036975943,2017,100..250
PANW,2017-06-02,23.018333435058594,432.2641353715655,10000.0,2017-06-01,2020-02-14,41.20833206176758,HOLD,77.23819608640403,7723.819608640402,2017,50..100
VTRS,2017-10-05,30.733640670776367,323.7494739587144,10000.0,2017-10-04,2020-06-19,13.097461700439453,HOLD,-57.80905145966877,-5780.905145966876,2017,<-50%
MAT,2017-11-14,18.540000915527344,536.67742765141,10000.0,2017-11-13,2020-07-30,11.229999542236328,HOLD,-40.032471694803654,-4003.2471694803653,2017,-50..-25
FN,2018-02-07,29.739999771118164,334.5662433280476,10000.0,2018-02-06,2020-10-20,63.79999923706055,HOLD,112.38599438730273,11238.59943873027,2018,100..250
LITE,2018-02-07,53.599998474121094,185.63433364282676,10000.0,2018-02-06,2020-10-20,84.33000183105469,HOLD,55.762709775261655,5576.2709775261665,2018,50..100
MTSI,2018-05-03,21.979999542236328,452.6842678445138,10000.0,2018-05-02,2021-01-14,63.40999984741211,HOLD,185.6118580817175,18561.185808171747,2018,100..250
DKS,2018-05-31,28.746095657348633,346.133962629335,10000.0,2018-05-30,2021-02-11,65.12428283691406,HOLD,124.29017451325981,12429.01745132598,2018,100..250
TSLA,2018-08-20,20.562667846679688,483.8866276589035,10000.0,2018-08-17,2021-05-04,224.53334045410156,HOLD,981.0543750477702,98105.43750477703,2018,500..1000
SMCI,2018-10-29,1.3300000429153442,7481.20276612151,10000.0,2018-10-26,2021-07-14,3.444999933242798,HOLD,156.4387931471511,15643.879314715112,2018,100..250
VMC,2018-10-31,94.73564147949219,105.02910884024486,10000.0,2018-10-30,2021-07-16,168.82608032226562,HOLD,76.42994501412959,7642.994501412959,2018,50..100
FND,2018-11-02,31.979999542236328,311.1319619269828,10000.0,2018-11-01,2021-07-20,109.63999938964844,HOLD,239.4194557519564,23941.94557519564,2018,100..250
HGV,2018-11-02,30.940000534057617,321.5901689803594,10000.0,2018-11-01,2021-07-20,39.2400016784668,HOLD,25.561027767148836,2556.1027767148844,2018,25..50
OSK,2018-11-02,57.4642219543457,173.15121760293033,10000.0,2018-11-01,2021-07-20,108.79756927490234,HOLD,87.44239434227559,8744.239434227558,2018,50..100
TNL,2018-11-02,31.9920711517334,311.0145621022379,10000.0,2018-11-01,2021-07-20,45.929752349853516,HOLD,42.133977054811524,4213.397705481153,2018,25..50
EXEL,2018-11-05,17.809999465942383,558.6749184932395,10000.0,2018-11-02,2021-07-21,17.030000686645508,HOLD,-5.333369256762655,-533.3369256762653,2018,-10..0
COHR,2018-11-12,33.25,299.2481203007519,10000.0,2018-11-09,2021-07-28,68.27999877929688,HOLD,103.30497982398015,10330.497982398014,2018,100..250
TWLO,2018-11-20,75.88999938964844,131.11081934409927,10000.0,2018-11-19,2021-08-05,377.0799865722656,HOLD,391.9206966776294,39192.06966776294,2018,250..500
ANF,2018-11-30,19.48006248474121,510.7786490825614,10000.0,2018-11-29,2021-08-16,36.91999816894531,HOLD,87.63657054920205,8763.657054920204,2018,50..100
XPO,2018-12-17,18.61731719970703,534.4486476363295,10000.0,2018-12-14,2021-08-30,52.21628189086914,HOLD,177.67386634966513,17767.38663496651,2018,100..250
LRCX,2019-01-25,15.074162483215332,660.0698387773817,10000.0,2019-01-24,2021-10-06,52.54027557373047,HOLD,245.06849971135125,24506.849971135125,2019,100..250
AMD,2019-01-31,24.40999984741211,407.61983048741706,10000.0,2019-01-30,2021-10-12,105.04000091552734,HOLD,326.0230543074747,32602.305430747467,2019,250..500
ARWR,2019-02-11,16.920000076293945,588.0614630694132,10000.0,2019-02-08,2021-10-21,66.88999938964844,HOLD,291.3875375125987,29138.753751259872,2019,250..500
EA,2019-02-11,94.45647430419922,105.33952355617042,10000.0,2019-02-08,2021-10-21,137.2820587158203,HOLD,43.8892052464505,4388.920524645051,2019,25..50
CAR,2019-02-22,33.567291259765625,296.4195091882869,10000.0,2019-02-21,2021-11-02,339.3498229980469,HOLD,900.8695843633202,90086.95843633202,2019,500..1000
OLED,2019-02-25,139.19354248046875,71.48320117936618,10000.0,2019-02-22,2021-11-03,176.195556640625,HOLD,25.320473101409434,2532.0473101409443,2019,25..50
XRAY,2019-03-04,42.89857864379883,231.94241661520212,10000.0,2019-03-01,2021-11-10,50.17536544799805,HOLD,15.796065389767833,1579.6065389767828,2019,0..25
CVNA,2019-03-06,50.599998474121094,196.64032213536206,10000.0,2019-03-05,2021-11-12,294.42999267578125,HOLD,476.0732456304753,47607.32456304753,2019,250..500
DY,2019-05-22,54.400001525878906,182.90440663437545,10000.0,2019-05-21,2022-02-01,86.55000305175781,HOLD,57.5122506762322,5751.22506762322,2019,50..100
DD,2019-06-04,27.192365646362305,365.91152566128704,10000.0,2019-06-03,2022-02-11,30.492218017578125,HOLD,11.01666745530554,1101.6667455305542,2019,0..25
PSTG,2019-08-23,15.630000114440918,636.5962845263812,10000.0,2019-08-22,2022-05-05,27.780000686645508,HOLD,75.96221995152554,7596.221995152555,2019,50..100
NTNX,2019-08-30,24.229999542236328,410.64796483614197,10000.0,2019-08-29,2022-05-12,20.610000610351562,HOLD,-15.788624681170493,-1578.8624681170495,2019,-25..-10
APA,2019-09-17,21.842727661132812,455.52918822062406,10000.0,2019-09-16,2022-05-27,41.589813232421875,HOLD,88.50646990712445,8850.646990712445,2019,50..100
THO,2019-10-01,49.16790771484375,202.367773257842,10000.0,2019-09-30,2022-06-13,64.29661560058594,HOLD,29.465051124704722,2946.5051124704733,2019,25..50
BIIB,2019-10-23,278.82000732421875,35.68610479387118,10000.0,2019-10-22,2022-07-07,217.9600067138672,HOLD,-22.607470777383888,-2260.7470777383887,2019,-25..-10
TXRH,2019-10-31,50.98906326293945,195.1398861495067,10000.0,2019-10-30,2022-07-15,76.48715209960938,HOLD,48.51065681854687,4851.065681854687,2019,25..50
GDDY,2019-11-29,66.37999725341797,149.89455275230017,10000.0,2019-11-27,2022-08-12,81.30999755859375,HOLD,21.269860897443493,2126.9860897443486,2019,0..25
DBX,2020-02-24,21.760000228881836,457.26102460207983,10000.0,2020-02-21,2022-11-02,20.68000030517578,HOLD,-5.911226623255783,-591.1226623255789,2020,-10..0
SYNA,2020-02-28,66.05000305175781,150.64344497006343,10000.0,2020-02-27,2022-11-08,95.75,HOLD,43.51989306604156,4351.989306604155,2020,25..50
TTD,2020-03-10,23.56999969482422,422.1468022413653,10000.0,2020-03-09,2022-11-17,50.060001373291016,HOLD,110.27006152433492,11027.006152433492,2020,100..250
TRGP,2020-03-12,9.818814277648926,1013.3606481028671,10000.0,2020-03-11,2022-11-21,65.6705093383789,HOLD,562.1517035486311,56215.170354863105,2020,500..1000
FANG,2020-03-13,21.249269485473633,468.2513912679206,10000.0,2020-03-12,2022-11-22,132.7869415283203,HOLD,518.6678176228378,51866.781762283776,2020,500..1000
OXY,2020-03-13,13.346085548400879,745.5369564293107,10000.0,2020-03-12,2022-11-22,68.77449035644531,HOLD,410.1755459921962,41017.55459921961,2020,250..500
EQT,2020-03-16,8.139863014221191,1222.3792934372864,10000.0,2020-03-13,2022-11-23,41.467323303222656,HOLD,404.3535337332819,40435.35337332819,2020,250..500
AAL,2020-03-17,15.579999923706055,638.6392842570161,10000.0,2020-03-16,2022-11-25,14.5,HOLD,-7.860317263819017,-786.0317263819015,2020,-10..0
DPZ,2020-03-17,277.3143310546875,35.879862256515764,10000.0,2020-03-16,2022-11-25,369.64801025390625,HOLD,31.966050928487565,3196.6050928487566,2020,25..50
NCLH,2020-03-17,10.029999732971191,992.0239546260194,10000.0,2020-03-16,2022-11-25,16.43000030517578,HOLD,62.174591078609474,6217.459107860948,2020,50..100
APPF,2020-03-18,85.81999969482422,115.94034065931233,10000.0,2020-03-17,2022-11-28,113.62000274658203,HOLD,31.072761150299712,3107.2761150299702,2020,25..50
CGNX,2020-03-18,43.24666976928711,230.07551918058402,10000.0,2020-03-17,2022-11-28,47.38194274902344,HOLD,8.46917952377446,846.9179523774455,2020,0..25
AAON,2020-03-19,31.726839065551758,313.6146018026571,10000.0,2020-03-18,2022-11-29,50.511356353759766,HOLD,57.61893414849499,5761.893414849499,2020,50..100
AGCO,2020-03-20,33.596378326416016,296.1628751565926,10000.0,2020-03-19,2022-11-30,120.3008041381836,HOLD,254.5048887702849,25450.48887702849,2020,250..500
AMCR,2020-03-20,28.41604232788086,350.15432075977014,10000.0,2020-03-19,2022-11-30,53.740055084228516,HOLD,87.23225923182618,8723.225923182617,2020,50..100
AN,2020-03-20,26.5,375.47169811320754,10000.0,2020-03-19,2022-11-30,123.91000366210938,HOLD,362.9207599078485,36292.07599078485,2020,250..500
APTV,2020-03-20,45.16999816894531,220.27895513267242,10000.0,2020-03-19,2022-11-30,106.66999816894531,HOLD,133.79669961956057,13379.669961956057,2020,100..250
ARMK,2020-03-20,13.024499893188477,763.9448793886995,10000.0,2020-03-19,2022-11-30,28.925106048583984,HOLD,119.86700718332877,11986.700718332879,2020,100..250
AVGO,2020-03-20,16.78278160095215,592.8695395425691,10000.0,2020-03-19,2022-11-30,52.13935470581055,HOLD,207.57276040398182,20757.27604039818,2020,100..250
AXON,2020-03-20,60.779998779296875,163.70516946093142,10000.0,2020-03-19,2022-11-30,184.02999877929688,HOLD,199.76028825379495,19976.028825379497,2020,100..250
BLKB,2020-03-20,51.58000183105469,192.90421959639056,10000.0,2020-03-19,2022-11-30,59.27000045776367,HOLD,13.762660178636988,1376.2660178636997,2020,0..25
BYD,2020-03-20,11.102356910705566,896.2061011032357,10000.0,2020-03-19,2022-11-30,59.19116973876953,HOLD,427.8225001406586,42782.25001406586,2020,250..500
CLH,2020-03-20,41.630001068115234,239.01032295722874,10000.0,2020-03-19,2022-11-30,120.0,HOLD,185.3783256109311,18537.83256109311,2020,100..250
CMG,2020-03-20,11.319999694824219,878.975288713955,10000.0,2020-03-19,2022-11-30,32.53919982910156,HOLD,184.58146801484094,18458.146801484094,2020,100..250
CPRI,2020-03-20,9.869999885559082,1008.1053814963025,10000.0,2020-03-19,2022-11-30,57.349998474121094,HOLD,475.2576788011338,47525.76788011338,2020,250..500
CRUS,2020-03-20,55.900001525878906,177.99641732377498,10000.0,2020-03-19,2022-11-30,74.70999908447266,HOLD,32.316216144221485,3231.621614422149,2020,25..50
DRI,2020-03-20,32.70923614501953,304.1954252886164,10000.0,2020-03-19,2022-11-30,131.18655395507812,HOLD,297.0681782465045,29706.817824650447,2020,250..500
DVN,2020-03-20,4.441952228546143,2240.00608022222,10000.0,2020-03-19,2022-11-30,59.07252883911133,HOLD,1216.6120965484326,121661.20965484326,2020,1k..5k
ENSG,2020-03-20,32.758419036865234,303.73871183473784,10000.0,2020-03-19,2022-11-30,94.35077667236328,HOLD,185.14693450235305,18514.693450235303,2020,100..250
FICO,2020-03-20,241.42999267578125,41.21277513917649,10000.0,2020-03-19,2022-11-30,619.719970703125,HOLD,154.1267790283571,15412.677902835709,2020,100..250
FLEX,2020-03-20,5.018838882446289,1982.5302690629826,10000.0,2020-03-19,2022-11-30,16.563676834106445,HOLD,226.73800737140382,22673.80073714038,2020,100..250
FLR,2020-03-20,5.630000114440918,1767.317903684994,10000.0,2020-03-19,2022-11-30,33.61000061035156,HOLD,491.025580424302,49102.5580424302,2020,250..500
GHC,2020-03-20,297.5837097167969,33.435970031656545,10000.0,2020-03-19,2022-11-30,623.9180297851562,HOLD,107.56998023376143,10756.998023376145,2020,100..250
HAE,2020-03-20,81.5199966430664,122.05594221950065,10000.0,2020-03-19,2022-11-30,85.30999755859375,HOLD,3.605291720936732,360.52917209367297,2020,0..25
HCA,2020-03-20,74.90040588378906,132.84307184446794,10000.0,2020-03-19,2022-11-30,233.5489501953125,HOLD,208.70233170145985,20870.233170145984,2020,100..250
HIG,2020-03-20,27.42804718017578,362.76735031984265,10000.0,2020-03-19,2022-11-30,71.74259185791016,HOLD,158.95740603605125,15895.740603605125,2020,100..250
MANH,2020-03-20,47.18000030517578,210.89444543535657,10000.0,2020-03-19,2022-11-30,125.94000244140625,HOLD,164.27246738142784,16427.246738142785,2020,100..250
MOS,2020-03-20,8.487527847290039,1172.3083775421026,10000.0,2020-03-19,2022-11-30,46.65578842163086,HOLD,444.21496769372146,44421.49676937214,2020,250..500
MTZ,2020-03-20,26.739999771118164,372.10172345427543,10000.0,2020-03-19,2022-11-30,90.83000183105469,HOLD,236.29010221576988,23629.010221576988,2020,100..250
NVR,2020-03-20,2326.889892578125,4.276094039402825,10000.0,2020-03-19,2022-11-30,4639.009765625,HOLD,97.37657797482957,9737.657797482956,2020,50..100
NVT,2020-03-20,12.732991218566895,781.4346078784054,10000.0,2020-03-19,2022-11-30,38.410030364990234,HOLD,198.6485238177947,19864.85238177947,2020,100..250
NXPI,2020-03-20,66.47683715820312,149.67619437610665,10000.0,2020-03-19,2022-11-30,164.56455993652344,HOLD,145.0824007517515,14508.240075175148,2020,100..250
OKE,2020-03-20,13.834403038024902,719.2214924382117,10000.0,2020-03-19,2022-11-30,56.399322509765625,HOLD,303.6078688343777,30360.786883437773,2020,250..500
ON,2020-03-20,10.819999694824219,919.5933715931262,10000.0,2020-03-19,2022-11-30,75.19999694824219,HOLD,588.0765164373971,58807.65164373971,2020,500..1000
PLNT,2020-03-20,33.93000030517578,293.25080785461114,10000.0,2020-03-19,2022-11-30,78.36000061035156,HOLD,128.6423781506105,12864.237815061053,2020,100..250
SGI,2020-03-20,7.848119735717773,1267.8195969304988,10000.0,2020-03-19,2022-11-30,30.79536247253418,HOLD,288.4774921707061,28847.74921707061,2020,250..500
STLD,2020-03-20,16.678680419921875,596.5699773295738,10000.0,2020-03-19,2022-11-30,98.77957153320312,HOLD,486.3428211643706,48634.28211643706,2020,250..500
TDG,2020-03-20,251.4285125732422,39.57387289996206,10000.0,2020-03-19,2022-11-30,537.232177734375,HOLD,111.54056129832837,11154.056129832836,2020,100..250
THC,2020-03-20,12.979999542236328,766.5639715643404,10000.0,2020-03-19,2022-11-30,46.18000030517578,HOLD,252.2292481857411,25222.92481857411,2020,250..500
TKR,2020-03-20,23.952743530273438,415.40126655739357,10000.0,2020-03-19,2022-11-30,71.93585968017578,HOLD,197.3283598592976,19732.83598592976,2020,100..250
TMHC,2020-03-20,8.239999771118164,1207.5243053859685,10000.0,2020-03-19,2022-11-30,30.389999389648438,HOLD,265.1317958914691,26513.17958914691,2020,250..500
TRMB,2020-03-20,26.0,382.6923076923077,10000.0,2020-03-19,2022-11-30,59.75,HOLD,127.51536057692303,12751.536057692305,2020,100..250
UHS,2020-03-20,73.39024353027344,135.57660421028075,10000.0,2020-03-19,2022-11-30,128.89337158203125,HOLD,73.87550996184171,7387.550996184171,2020,50..100
VC,2020-03-20,46.29397201538086,214.93079048594447,10000.0,2020-03-19,2022-11-30,145.49252319335938,HOLD,211.14468904644622,21114.468904644622,2020,100..250
VRT,2020-03-20,7.322586536407471,1358.8094794823091,10000.0,2020-03-19,2022-11-30,13.80280876159668,HOLD,86.61610451795347,8661.610451795346,2020,50..100
WING,2020-03-20,51.16719436645508,194.46053517687426,10000.0,2020-03-19,2022-11-30,163.42591857910156,HOLD,216.20992130721044,21620.992130721046,2020,100..250
WMB,2020-03-20,8.450143814086914,1177.4947526233498,10000.0,2020-03-19,2022-11-30,29.78348731994629,HOLD,248.94550533890526,24894.550533890528,2020,100..250
WSM,2020-03-20,16.088397979736328,618.4580971040269,10000.0,2020-03-19,2022-11-30,54.790435791015625,HOLD,237.16160715517836,23716.160715517835,2020,100..250
CCL,2020-03-23,11.944785118103027,832.9994974057915,10000.0,2020-03-20,2022-12-01,9.924125671386719,HOLD,-17.74542262025236,-1774.5422620252357,2020,-25..-10
GT,2020-03-23,5.269999980926514,1888.0455476302868,10000.0,2020-03-20,2022-12-01,11.220000267028809,HOLD,110.77952190831502,11077.9521908315,2020,100..250
KMI,2020-03-23,7.704410076141357,1291.4681204227013,10000.0,2020-03-20,2022-12-01,16.08027458190918,HOLD,106.6332618022829,10663.32618022829,2020,100..250
MAR,2020-03-23,67.50298309326172,147.4008931761303,10000.0,2020-03-20,2022-12-01,159.9813690185547,HOLD,134.63489701450686,13463.489701450686,2020,100..250
MGM,2020-03-23,9.141035079956055,1088.4981747655468,10000.0,2020-03-20,2022-12-01,37.266929626464844,HOLD,303.6215995313545,30362.15995313545,2020,250..500
MPC,2020-03-23,13.853654861450195,718.2220215177526,10000.0,2020-03-20,2022-12-01,112.06446838378906,HOLD,700.8473317780266,70084.73317780267,2020,500..1000
UAL,2020-03-23,26.25,379.04761904761904,10000.0,2020-03-20,2022-12-01,43.88999938964844,HOLD,65.53217769804453,6553.217769804454,2020,50..100
WH,2020-03-23,22.719614028930664,437.9475807700732,10000.0,2020-03-20,2022-12-01,68.49728393554688,HOLD,198.48228689949087,19848.228689949086,2020,100..250
WYNN,2020-03-23,55.835609436035156,178.20169065045567,10000.0,2020-03-20,2022-12-01,81.50816345214844,HOLD,44.522680663416004,4452.2680663415995,2020,25..50
BA,2020-03-24,127.68000030517578,77.92919780872413,10000.0,2020-03-23,2022-12-02,182.8699951171875,HOLD,41.796574626538806,4179.65746265388,2020,25..50
CROX,2020-03-24,15.069999694824219,660.2521699729908,10000.0,2020-03-23,2022-12-02,103.98999786376953,HOLD,583.1632363631531,58316.32363631531,2020,500..1000
CVLT,2020-03-24,37.0099983215332,268.8462699608089,10000.0,2020-03-23,2022-12-02,66.91999816894531,HOLD,79.01235934037585,7901.235934037584,2020,50..100
FIVE,2020-03-24,71.63999938964844,138.88889007218106,10000.0,2020-03-23,2022-12-02,184.16000366210938,HOLD,154.49889611797576,15449.889611797575,2020,100..250
HAS,2020-03-24,49.9694709777832,199.12157974263613,10000.0,2020-03-23,2022-12-02,54.83409118652344,HOLD,8.640576065082461,864.057606508246,2020,0..25
MCHP,2020-03-24,33.67911148071289,295.4353473872995,10000.0,2020-03-23,2022-12-02,71.4430160522461,HOLD,110.01258304462777,11001.258304462779,2020,100..250
RCL,2020-03-24,33.69523239135742,295.2940013719004,10000.0,2020-03-23,2022-12-02,59.149940490722656,HOLD,73.79289495373203,7379.289495373203,2020,50..100
WDC,2020-03-24,30.06427764892578,330.95756086976934,10000.0,2020-03-23,2022-12-02,26.67999839782715,HOLD,-12.14202542214543,-1214.2025422145434,2020,-25..-10
BBWI,2020-03-25,10.087244987487793,986.3942049927377,10000.0,2020-03-24,2022-12-05,40.327171325683594,HOLD,295.79595658906584,29579.595658906583,2020,250..500
GTLS,2020-03-25,25.010000228881836,397.8408600136527,10000.0,2020-03-24,2022-12-05,136.3300018310547,HOLD,439.66456948258997,43966.456948258994,2020,250..500
KBH,2020-03-25,17.754892349243164,560.4089174003997,10000.0,2020-03-24,2022-12-05,29.409969329833984,HOLD,63.99201027546668,6399.201027546667,2020,50..100
TOL,2020-03-25,20.223987579345703,491.990017347603,10000.0,2020-03-24,2022-12-05,45.351318359375,HOLD,122.00833926833745,12200.833926833744,2020,100..250
AFL,2020-03-26,30.982345581054688,321.150636383202,10000.0,2020-03-25,2022-12-06,66.18496704101562,HOLD,111.49067562802304,11149.067562802302,2020,100..250
APO,2020-03-26,32.476356506347656,306.3767328103824,10000.0,2020-03-25,2022-12-06,59.823856353759766,HOLD,82.36994465513638,8236.994465513639,2020,50..100
ATI,2020-03-26,8.539999961853027,1165.105391621223,10000.0,2020-03-25,2022-12-06,31.149999618530273,HOLD,261.1156734202592,26111.56734202592,2020,250..500
RBC,2020-03-26,114.72422790527344,86.7297185753615,10000.0,2020-03-25,2022-12-06,219.8699951171875,HOLD,89.73916485681382,8973.91648568138,2020,50..100
PVH,2020-04-07,46.342193603515625,214.70714323814767,10000.0,2020-04-06,2022-12-16,69.49484252929688,HOLD,48.46433913704007,4846.433913704008,2020,25..50
IPGP,2020-05-06,144.1999969482422,69.00138842285385,10000.0,2020-05-05,2023-01-18,107.62000274658203,HOLD,-26.11200036472423,-2611.2000364724227,2020,-50..-25
MRNA,2020-06-10,60.06999969482422,165.6400874071807,10000.0,2020-06-09,2023-02-22,158.1699981689453,HOLD,160.68295860288225,16068.295860288225,2020,100..250
GAP,2020-06-29,10.243852615356445,971.3142480285264,10000.0,2020-06-26,2023-03-13,9.223064422607422,HOLD,-10.862985852572349,-1086.2985852572347,2020,-25..-10
SNX,2020-06-29,55.073020935058594,180.66922480488066,10000.0,2020-06-26,2023-03-13,86.25627136230469,HOLD,55.05934413179081,5505.93441317908,2020,50..100
BCO,2020-07-30,43.50703048706055,228.6986698151977,10000.0,2020-07-29,2023-04-13,64.40033721923828,HOLD,46.54630100401511,4654.630100401511,2020,25..50
DOCU,2020-09-09,211.7899932861328,46.980501040751896,10000.0,2020-09-08,2023-05-23,54.400001525878906,HOLD,-74.57039368338059,-7457.039368338059,2020,<-50%
CYTK,2020-10-09,15.260000228881836,652.0314450040528,10000.0,2020-10-08,2023-06-26,32.939998626708984,HOLD,113.70525328489553,11370.525328489552,2020,100..250
HQY,2020-11-10,66.06999969482422,150.5978514599488,10000.0,2020-11-09,2023-07-27,63.38999938964844,HOLD,-5.0133427643212265,-501.33427643212235,2020,-10..0
MTB,2020-11-10,104.04789733886719,95.62903484339004,10000.0,2020-11-09,2023-07-27,126.36239624023438,HOLD,20.234944229868734,2023.4944229868725,2020,0..25
PSX,2020-11-10,46.70648193359375,213.03252970640546,10000.0,2020-11-09,2023-07-27,98.95187377929688,HOLD,109.74568150440582,10974.568150440584,2020,100..250
RL,2020-11-10,73.31570434570312,135.7144432942101,10000.0,2020-11-09,2023-07-27,121.0814437866211,HOLD,63.50338233076673,6350.338233076674,2020,50..100
VLO,2020-11-10,40.65571212768555,244.7380571947796,10000.0,2020-11-09,2023-07-27,115.61398315429688,HOLD,181.53665913623928,18153.66591362393,2020,100..250
CAR,2021-11-05,282.618896484375,35.2064215230212,10000.0,2021-11-04,2024-07-24,97.27999877929688,HOLD,-65.92243760431002,-6592.243760431002,2021,<-50%
WBD,2022-01-10,28.59000015258789,348.0237826826088,10000.0,2022-01-07,2024-09-25,8.1899995803833,HOLD,-71.63936939036695,-7163.936939036696,2022,<-50%
ILMN,2022-01-13,388.62841796875,25.602862631625896,10000.0,2022-01-12,2024-09-30,130.41000366210938,HOLD,-66.77824937496938,-6677.824937496938,2022,<-50%
CVNA,2022-01-25,146.52999877929688,67.90418400935542,10000.0,2022-01-24,2024-10-09,190.07000732421875,HOLD,28.420160082432645,2842.016008243265,2022,25..50
PODD,2022-01-31,248.0,40.12096774193548,10000.0,2022-01-28,2024-10-15,230.07000732421875,HOLD,-8.155218144693677,-815.5218144693681,2022,-10..0
BILL,2022-02-07,229.7899932861328,43.300405982476065,10000.0,2022-02-04,2024-10-22,56.25,HOLD,-75.76530402668294,-7576.530402668293,2022,<-50%
CRS,2022-02-15,37.92542266845703,262.35699696698487,10000.0,2022-02-14,2024-10-30,158.86505126953125,HOLD,314.7096098520991,31470.96098520991,2022,250..500
OLED,2022-02-25,150.56040954589844,66.0864302243196,10000.0,2022-02-24,2024-11-08,176.16244506835938,HOLD,15.83737398484888,1583.7373984848873,2022,0..25
XYZ,2022-02-28,127.5,78.03921568627452,10000.0,2022-02-25,2024-11-11,83.4000015258789,HOLD,-35.240716462228804,-3524.07164622288,2022,-50..-25
KTOS,2022-03-01,20.010000228881836,497.25136862509714,10000.0,2022-02-28,2024-11-12,27.260000228881836,HOLD,34.87297060419294,3487.297060419294,2022,25..50
EPAM,2022-03-17,273.19000244140625,36.42153779816329,10000.0,2022-03-16,2024-11-29,243.9199981689453,HOLD,-11.60478274127028,-1160.4782741270283,2022,-25..-10
OLLI,2022-04-05,47.06999969482422,211.38729688783266,10000.0,2022-04-04,2024-12-18,114.48999786376953,HOLD,140.807225132704,14080.722513270397,2022,100..250
META,2022-04-29,198.9090576171875,50.022860292010314,10000.0,2022-04-28,2025-01-15,614.6539306640625,HOLD,205.9301396303568,20593.01396303568,2022,100..250
PTC,2022-04-29,114.20999908447266,87.12021784222871,10000.0,2022-04-28,2025-01-15,185.3699951171875,HOLD,60.687269842421365,6068.726984242136,2022,50..100
TPR,2022-05-13,28.28166389465332,351.818055580565,10000.0,2022-05-12,2025-01-30,74.50440216064453,HOLD,160.80933930848653,16080.933930848652,2022,100..250
ANF,2022-05-26,21.850000381469727,455.37756642046884,10000.0,2022-05-25,2025-02-12,108.91000366210938,HOLD,393.47196564363236,39347.196564363236,2022,250..500
CHWY,2022-06-03,28.799999237060547,345.48612026336775,10000.0,2022-06-02,2025-02-20,36.93000030517578,HOLD,26.95008514126367,2695.008514126366,2022,25..50
VICR,2022-07-29,72.95999908447266,136.37609820252257,10000.0,2022-07-28,2025-04-15,47.040000915527344,HOLD,-36.16943874618806,-3616.9438746188052,2022,-50..-25
UBER,2022-08-03,30.190000534057617,329.5793250740527,10000.0,2022-08-02,2025-04-21,72.91999816894531,HOLD,139.12759162017542,13912.759162017544,2022,100..250
PEN,2022-08-08,169.10000610351562,58.8409204072355,10000.0,2022-08-05,2025-04-24,298.25,HOLD,74.61557988900698,7461.557988900699,2022,50..100
NTNX,2022-09-02,21.75,457.4712643678161,10000.0,2022-09-01,2025-05-21,80.0,HOLD,264.1471264367816,26414.712643678162,2022,250..500
BIIB,2022-09-29,264.2799987792969,37.6494628649872,10000.0,2022-09-28,2025-06-17,126.55999755859375,HOLD,-52.589086513662295,-5258.90865136623,2022,<-50%
DXCM,2022-10-31,120.77999877929688,82.3811897711788,10000.0,2022-10-28,2025-07-21,84.02999877929688,HOLD,-31.121211804703673,-3112.121180470367,2022,-50..-25
YETI,2022-11-11,43.90999984741211,226.59986414430415,10000.0,2022-11-10,2025-08-01,35.93000030517578,HOLD,-18.989754780816494,-1898.9754780816493,2022,-25..-10
SHC,2022-11-22,7.980000019073486,1246.867164939586,10000.0,2022-11-21,2025-08-12,14.859999656677246,HOLD,84.35803414709757,8435.803414709757,2022,50..100
BURL,2022-11-23,195.6999969482422,50.8431280284155,10000.0,2022-11-22,2025-08-13,287.3299865722656,HOLD,45.35711517228125,4535.711517228125,2022,25..50
MMS,2022-11-23,66.79931640625,148.95362011622382,10000.0,2022-11-22,2025-08-13,84.62745666503906,HOLD,25.425382013289898,2542.538201328989,2022,25..50
MTZ,2022-12-01,89.06999969482422,111.70989147963571,10000.0,2022-11-30,2025-08-20,172.50999450683594,HOLD,91.74717401683641,9174.71740168364,2022,50..100
WDAY,2022-12-01,169.47999572753906,58.70899369147912,10000.0,2022-11-30,2025-08-20,227.49000549316406,HOLD,32.889307508858565,3288.9307508858565,2022,25..50
OKTA,2022-12-02,65.08000183105469,152.88874800326278,10000.0,2022-12-01,2025-08-21,89.77999877929688,HOLD,36.57719851055654,3657.7198510556536,2022,25..50
FIVE,2022-12-05,183.36000061035156,54.264834025301994,10000.0,2022-12-02,2025-08-22,141.80999755859375,HOLD,-23.431804992576577,-2343.180499257657,2022,-25..-10
BBWI,2022-12-06,39.22306823730469,253.6772477818716,10000.0,2022-12-05,2025-08-25,30.481796264648438,HOLD,-23.061245070555692,-2306.1245070555688,2022,-25..-10
CIEN,2022-12-09,50.7599983215332,196.02049505543522,10000.0,2022-12-08,2025-08-28,97.88999938964844,HOLD,90.92503910628464,9092.503910628464,2022,50..100
COIN,2023-01-10,43.22999954223633,230.16424023504112,10000.0,2023-01-09,2025-09-26,312.5899963378906,HOLD,615.8730381712394,61587.303817123946,2023,500..1000
ALGN,2023-02-03,343.1000061035156,29.00029094432023,10000.0,2023-02-02,2025-10-21,136.22000122070312,HOLD,-60.693324305031325,-6069.332430503133,2023,<-50%
APP,2023-02-10,15.289999961853027,650.7521271958288,10000.0,2023-02-09,2025-10-28,626.8200073242188,HOLD,3958.649308694646,395864.93086946465,2023,1k..5k
TTD,2023-02-16,63.06999969482422,157.76121845798167,10000.0,2023-02-15,2025-11-03,49.119998931884766,HOLD,-22.895152722618462,-2289.515272261846,2023,-25..-10
TWLO,2023-02-17,70.66999816894531,140.7952491552823,10000.0,2023-02-16,2025-11-04,129.97000122070312,HOLD,82.07662911058335,8207.662911058334,2023,50..100
WST,2023-02-17,311.1711120605469,31.9759759641954,10000.0,2023-02-16,2025-11-04,286.4501953125,HOLD,-8.862730625496805,-886.2730625496806,2023,-10..0
PEGA,2023-02-23,23.4060001373291,425.1046715210099,10000.0,2023-02-22,2025-11-07,59.01868438720703,HOLD,149.6367284782567,14963.67284782567,2023,100..250
DUOL,2023-03-02,119.87999725341797,82.99966823461293,10000.0,2023-03-01,2025-11-14,185.07000732421875,HOLD,52.83945462047102,5283.945462047102,2023,50..100
HIMS,2023-03-13,8.890000343322754,1119.2350523893294,10000.0,2023-03-10,2025-11-25,37.09000015258789,HOLD,313.04866122582433,31304.866122582433,2023,250..500
PATH,2023-03-17,17.049999237060547,583.57773872343,10000.0,2023-03-16,2025-12-02,14.300000190734863,HOLD,-16.96564033821598,-1696.564033821598,2023,-25..-10
PVH,2023-03-29,84.7384262084961,117.42016515055819,10000.0,2023-03-28,2025-12-12,75.2270278930664,HOLD,-12.10995811205443,-1210.9958112054428,2023,-25..-10
ROIV,2023-04-18,8.869999885559082,1121.758751789752,10000.0,2023-04-17,2026-01-02,21.93000030517578,HOLD,144.77168920237455,14477.168920237451,2023,100..250
XPO,2023-04-21,44.02000045776367,226.03361873080465,10000.0,2023-04-20,2026-01-07,143.89999389648438,HOLD,223.6360517398425,22363.605173984248,2023,100..250
ARWR,2023-04-26,35.52000045776367,280.1238702637801,10000.0,2023-04-25,2026-01-12,65.93000030517578,HOLD,83.76224017718152,8376.224017718152,2023,50..100
DDOG,2023-05-05,76.56999969482422,129.94645474280412,10000.0,2023-05-04,2026-01-22,131.25,HOLD,69.70194824068076,6970.194824068076,2023,50..100
ENTG,2023-05-12,89.26530456542969,111.46547976775062,10000.0,2023-05-11,2026-01-29,122.70999908447266,HOLD,36.09539275649729,3609.5392756497295,2023,25..50
GT,2023-05-12,14.670000076293945,678.2549385312376,10000.0,2023-05-11,2026-01-29,9.609999656677246,HOLD,-35.14560422207285,-3514.5604222072843,2023,-50..-25
BROS,2023-08-10,32.36000061035156,307.47836255655443,10000.0,2023-08-09,2026-04-24,57.439998626708984,MTM,75.73248939376256,7573.248939376255,2023,50..100
CPRI,2023-08-11,53.13999938964844,187.2412516801466,10000.0,2023-08-10,2026-04-24,20.6299991607666,MTM,-61.56527069302798,-6156.527069302799,2023,<-50%
SATS,2023-08-23,18.229999542236328,545.8036341113042,10000.0,2023-08-22,2026-04-24,117.5,MTM,538.1126737303786,53811.26737303785,2023,500..1000
RGEN,2023-11-01,131.4600067138672,75.68841846826419,10000.0,2023-10-31,2026-04-24,117.5999984741211,MTM,-11.43546893105375,-1143.5468931053747,2023,-25..-10
DOCN,2023-11-06,23.850000381469727,417.19076900856817,10000.0,2023-11-03,2026-04-24,95.20999908447266,MTM,295.2212907167944,29522.12907167944,2023,250..500
CROX,2024-01-09,100.12000274658203,99.38074038196808,10000.0,2024-01-08,2026-04-24,102.31999969482422,MTM,1.1779413892660795,117.79413892660705,2024,0..25
CYTK,2024-01-12,85.5999984741211,116.2383198290374,10000.0,2024-01-11,2026-04-24,65.31999969482422,MTM,-24.452764193191957,-2445.276419319196,2024,-25..-10
TKO,2024-01-25,86.0736312866211,115.59870138238938,10000.0,2024-01-24,2026-04-24,186.5,MTM,114.51362018776541,11451.362018776541,2024,100..250
CTVA,2024-02-05,50.572391510009766,196.7476661259059,10000.0,2024-02-02,2026-04-24,79.80000305175781,MTM,56.219620354871516,5621.962035487151,2024,50..100
SMCI,2024-02-21,73.41699981689453,135.5271943121589,10000.0,2024-02-20,2026-04-24,29.079999923706055,MTM,-60.78574853743612,-6078.574853743612,2024,<-50%
AVAV,2024-03-19,145.67999267578125,68.30038783804902,10000.0,2024-03-18,2026-04-24,196.27999877929688,MTM,33.389700412703746,3338.970041270375,2024,25..50
RH,2024-04-03,298.3599853515625,33.34897603066896,10000.0,2024-04-02,2026-04-24,137.50999450683594,MTM,-54.37111576768038,-5437.111576768038,2024,<-50%
GL,2024-04-15,54.820831298828125,181.5003487590801,10000.0,2024-04-12,2026-04-24,152.55999755859375,MTM,175.51244299751326,17551.244299751328,2024,100..250
VMI,2024-05-03,242.31556701660156,41.06215759269937,10000.0,2024-05-02,2026-04-24,498.9200134277344,MTM,103.84298556433711,10384.29855643371,2024,100..250
GMED,2024-05-09,64.36000061035156,154.59912842821907,10000.0,2024-05-08,2026-04-24,94.87000274658203,MTM,45.9348563991131,4593.4856399113105,2024,25..50
DOCS,2024-05-20,28.959999084472656,343.57735892798576,10000.0,2024-05-17,2026-04-24,24.010000228881836,MTM,-17.919539958329423,-1791.9539958329424,2024,-25..-10
WHR,2024-06-27,90.67972564697266,109.7268427866288,10000.0,2024-06-26,2026-04-24,53.79999923706055,MTM,-41.26212462085337,-4126.2124620853365,2024,-50..-25
VFC,2024-07-18,15.445802688598633,644.1879519375593,10000.0,2024-07-17,2026-04-24,19.790000915527344,MTM,26.847377578229015,2684.7377578229025,2024,25..50
LNTH,2024-08-02,97.58999633789062,101.95717156858606,10000.0,2024-08-01,2026-04-24,84.33000183105469,MTM,-14.449417772573215,-1444.9417772573215,2024,-25..-10
CHTR,2024-08-06,356.7799987792969,27.88833464331907,10000.0,2024-08-05,2026-04-24,180.1300048828125,MTM,-50.015917738027994,-5001.591773802799,2024,<-50%
FN,2024-09-09,209.9199981689453,47.39900955978553,10000.0,2024-09-06,2026-04-24,720.1900024414062,MTM,239.65611346529272,23965.611346529273,2024,100..250
NXT,2024-11-01,39.61000061035156,251.19918825246612,10000.0,2024-10-31,2026-04-24,121.41000366210938,MTM,203.45603893822562,20345.60389382256,2024,100..250
QLYS,2024-11-07,155.0800018310547,64.160432567183,10000.0,2024-11-06,2026-04-24,84.33999633789062,MTM,-46.15765805485077,-4615.765805485077,2024,-50..-25
BILL,2024-11-11,85.88999938964844,115.84585016540571,10000.0,2024-11-08,2026-04-24,37.189998626708984,MTM,-57.13234526481435,-5713.234526481434,2024,<-50%
EPAM,2024-12-02,243.7899932861328,40.813816292786996,10000.0,2024-11-29,2026-04-24,118.9800033569336,MTM,-51.68252140472558,-5168.252140472558,2024,<-50%
LULU,2024-12-09,404.7900085449219,24.580646236221988,10000.0,2024-12-06,2026-04-24,143.8000030517578,MTM,-64.82976481236014,-6482.976481236014,2024,<-50%
WBD,2024-12-18,10.630000114440918,936.0300934035613,10000.0,2024-12-17,2026-04-24,27.06999969482422,MTM,152.11642671066787,15211.642671066787,2024,100..250
MGM,2025-02-19,38.34000015258789,259.5200824308914,10000.0,2025-02-18,2026-04-24,39.540000915527344,MTM,2.1011717543060193,210.1171754306015,2025,0..25
AXON,2025-02-28,528.4500122070312,18.82864939002382,10000.0,2025-02-27,2026-04-24,397.1199951171875,MTM,-25.601530119396532,-2560.153011939653,2025,-50..-25
ALGM,2025-03-04,25.040000915527344,397.36420272373033,10000.0,2025-03-03,2026-04-24,44.130001068115234,MTM,74.48004277175835,7448.004277175834,2025,50..100
PINS,2025-03-04,35.20000076293945,282.6704484187376,10000.0,2025-03-03,2026-04-24,19.920000076293945,MTM,-43.9735862270304,-4397.35862270304,2025,-50..-25
MRNA,2025-03-06,34.29999923706055,290.08747000930543,10000.0,2025-03-05,2026-04-24,50.72999954223633,MTM,46.42556534676656,4642.556534676656,2025,25..50
SITM,2025-03-06,178.0800018310547,55.87376402567432,10000.0,2025-03-05,2026-04-24,570.260009765625,MTM,217.03260352828647,21703.26035282865,2025,100..250
GAP,2025-03-11,20.818336486816406,477.9440473690595,10000.0,2025-03-10,2026-04-24,24.989999771118164,MTM,18.841025261882848,1884.1025261882842,2025,0..25
INTC,2025-03-14,24.049999237060547,413.721426845921,10000.0,2025-03-13,2026-04-24,82.54000091552734,MTM,239.77824115882424,23977.824115882424,2025,100..250
CAR,2025-03-28,74.66000366210938,133.2708212154792,10000.0,2025-03-27,2026-04-24,204.0,MTM,170.5131129031797,17051.311290317968,2025,100..250
CNXC,2025-03-28,54.57892990112305,182.30478351308355,10000.0,2025-03-27,2026-04-24,26.170000076293945,MTM,-52.529383825460826,-5252.938382546083,2025,<-50%
CRL,2025-05-08,141.36000061035156,70.38766240123643,10000.0,2025-05-07,2026-04-24,169.8000030517578,MTM,18.920661640833636,1892.0661640833641,2025,0..25
ELAN,2025-05-08,12.279999732971191,810.2606039383488,10000.0,2025-05-07,2026-04-24,22.75,MTM,83.41261595899448,8341.261595899447,2025,50..100
LIVN,2025-05-08,44.06999969482422,225.77717424328853,10000.0,2025-05-07,2026-04-24,64.19999694824219,MTM,44.22419427914859,4422.419427914858,2025,25..50
XRAY,2025-05-09,15.229137420654297,653.3528278827832,10000.0,2025-05-08,2026-04-24,11.90999984741211,MTM,-22.57475080011733,-2257.4750800117326,2025,-25..-10
FSLR,2025-05-14,192.97999572753906,51.55974826555607,10000.0,2025-05-13,2026-04-24,193.75999450683594,MTM,-0.5973454199555306,-59.73454199555272,2025,-10..0
HALO,2025-05-14,47.90999984741211,207.68106933186425,10000.0,2025-05-13,2026-04-24,65.36000061035156,MTM,35.06164644197667,3506.1646441976663,2025,25..50
ANF,2025-05-29,83.04000091552734,119.82177131864032,10000.0,2025-05-28,2026-04-24,87.0999984741211,MTM,3.842937185249573,384.2937185249575,2025,0..25
DHI,2025-07-23,146.91085815429688,67.72814565925249,10000.0,2025-07-22,2026-04-24,159.89999389648438,MTM,7.755814271470052,775.5814271470044,2025,0..25
IQV,2025-07-23,194.24000549316406,51.22528685446404,10000.0,2025-07-22,2026-04-24,162.27999877929688,MTM,-17.287247092295,-1728.7247092295001,2025,-25..-10
GNTX,2025-07-28,27.502561569213867,361.78448232756415,10000.0,2025-07-25,2026-04-24,23.8799991607666,MTM,-14.03783931311191,-1403.7839313111908,2025,-25..-10
AMKR,2025-07-30,23.76202964782715,418.7352741944689,10000.0,2025-07-29,2026-04-24,78.0999984741211,MTM,225.3970815427045,22539.708154270455,2025,100..250
PII,2025-07-30,51.282562255859375,194.02306675624706,10000.0,2025-07-29,2026-04-24,60.040000915527344,MTM,15.908993801501058,1590.8993801501056,2025,0..25
TER,2025-07-31,107.19615936279297,92.8204896439002,10000.0,2025-07-30,2026-04-24,418.0799865722656,MTM,286.1235711863315,28612.357118633154,2025,250..500
CGNX,2025-08-01,40.24711227416992,247.22270587313122,10000.0,2025-07-31,2026-04-24,54.2599983215332,MTM,33.47232087692393,3347.232087692393,2025,25..50
BIO,2025-08-04,276.79998779296875,35.94653337716928,10000.0,2025-08-01,2026-04-24,287.8399963378906,MTM,2.951157854660491,295.1157854660487,2025,0..25
LSCC,2025-08-06,57.58000183105469,172.80305112171177,10000.0,2025-08-05,2026-04-24,122.80000305175781,MTM,111.14114129073766,11114.114129073769,2025,100..250
WING,2025-08-06,334.7742919921875,29.721517565728135,10000.0,2025-08-05,2026-04-24,189.3699951171875,MTM,-43.997781818841474,-4399.778181884148,2025,-50..-25
WMS,2025-08-08,130.9546356201172,75.98050999022051,10000.0,2025-08-07,2026-04-24,151.97000122070312,MTM,14.89024404983641,1489.0244049836401,2025,0..25
FICO,2025-10-03,1850.6500244140625,5.376489270655205,10000.0,2025-10-02,2026-04-24,1004.719970703125,MTM,-46.25143188214128,-4625.143188214128,2025,-50..-25
ILMN,2025-11-03,119.98999786376953,82.92357844106904,10000.0,2025-10-31,2026-04-24,127.87999725341797,MTM,5.512456483710615,551.2456483710612,2025,0..25
HAE,2025-11-07,68.36000061035156,145.55295364484388,10000.0,2025-11-06,2026-04-24,59.93000030517578,MTM,-13.20626386427044,-1320.626386427044,2025,-25..-10
TTEK,2025-11-14,36.084129333496094,275.7444944296782,10000.0,2025-11-13,2026-04-24,31.239999771118164,MTM,-14.2881334684411,-1428.8133468441101,2025,-25..-10
SAIC,2025-12-05,99.88937377929688,99.61019499415706,10000.0,2025-12-04,2026-04-24,95.61000061035156,MTM,-5.238878498323507,-523.8878498323502,2025,-10..0
BMRN,2025-12-22,59.279998779296875,167.84750683016154,10000.0,2025-12-19,2026-04-24,53.18000030517578,MTM,-11.185001878712718,-1118.500187871272,2025,-25..-10
DECK,2026-02-02,116.25,85.59139784946237,10000.0,2026-01-30,2026-04-24,108.52999877929688,MTM,-7.572118674001372,-757.2118674001376,2026,-10..0
DVA,2026-02-04,142.05999755859375,70.0408290229348,10000.0,2026-02-03,2026-04-24,151.85000610351562,MTM,5.825218130548038,582.5218130548037,2026,0..25
GPN,2026-02-19,79.9874038696289,124.39458613030445,10000.0,2026-02-18,2026-04-24,67.76000213623047,MTM,-16.131674651846918,-1613.1674651846915,2026,-25..-10
CAVA,2026-02-26,84.73999786376953,117.41798738295824,10000.0,2026-02-25,2026-04-24,95.68000030517578,MTM,11.783803032913976,1178.3803032913966,2026,0..25
COIN,2026-02-26,181.05999755859375,54.95415958337252,10000.0,2026-02-25,2026-04-24,199.77000427246094,MTM,9.233017312860303,923.3017312860302,2026,0..25
PSKY,2026-03-02,13.271378517150879,749.7337211158139,10000.0,2026-02-27,2026-04-24,10.970000267028809,MTM,-18.16543774763224,-1816.543774763224,2026,-25..-10
XYZ,2026-03-02,64.44999694824219,154.3832501340619,10000.0,2026-02-27,2026-04-24,71.62999725341797,MTM,10.03179424161209,1003.1794241612097,2026,0..25
BWA,2026-03-05,52.72999954223633,188.697137993148,10000.0,2026-03-04,2026-04-24,56.290000915527344,MTM,5.6865326003973315,568.6532600397331,2026,0..25
TTD,2026-03-06,29.280000686645508,339.82239640240704,10000.0,2026-03-05,2026-04-24,23.969999313354492,MTM,-18.951851046139666,-1895.1851046139664,2026,-25..-10
IPGP,2026-03-09,121.88999938964844,81.63097916009185,10000.0,2026-03-06,2026-04-24,124.55000305175781,MTM,1.1630300998987986,116.3030099898806,2026,0..25
HIMS,2026-03-10,23.469999313354492,423.94547469536667,10000.0,2026-03-09,2026-04-24,30.559999465942383,MTM,28.909946128776998,2890.994612877699,2026,25..50
EXPE,2026-03-11,230.35000610351562,43.195136689202556,10000.0,2026-03-10,2026-04-24,251.44000244140625,MTM,8.06680348217017,806.680348217018,2026,0..25
OMC,2026-03-13,77.80000305175781,127.89202583167751,10000.0,2026-03-12,2026-04-24,75.73999786376953,MTM,-3.6189094553200962,-361.89094553200994,2026,-10..0
